Criteria,Entropy,Weight
Cost_Score,0.9801386689240502,0.3731200385891679
Latency_Score,0.9828183653301836,0.3227785774534399
Availability_Score,0.9838125599196708,0.30410138395739217
