Model,MAE,MSE,RMSE,R2 Score,MAPE (%)
XGBoost,0.007310203536685901,0.0007183333598468647,0.02680174173159022,0.9992815456980306,0.982142852713911
Random Forest,0.0035116739281593717,0.0009968797700314477,0.03157340288963874,0.9990029523904083,0.4143175201896975
